{
  "cr_control": 0.04982230268892912,
  "cr_treatment": 0.054247971568430225,
  "sample_size_per_group": 29826,
  "total_sample_size": 59652,
  "days": 14,
  "relative_lift": 0.08882907133243603
}